<?xml version="1.0" encoding="UTF-8"?>
<includes>
	<include name="View_505_CWideList">
		<control type="group">
			<include>OpenClose_Right</include>
			<visible>Control.IsVisible(505)</visible>
			<include>Visible_Right</include>
			<control type="fixedlist" id="505">
				<left>594</left>
				<top>list_y_offset</top>
				<bottom>list_y_offset</bottom>
				<right>0</right>
				<scrolltime tween="cubic" easing="out">500</scrolltime>
				<orientation>vertical</orientation>
				<pagecontrol>531</pagecontrol>
				<movement>5</movement>
				<focusposition>6</focusposition>
				<onleft>9000</onleft>
				<onright>531</onright>
				<onup>$PARAM[list_id]</onup>
				<ondown>$PARAM[list_id]</ondown>
				<viewtype label="CWideList">list</viewtype>
				<focusedlayout height="list_item_height" condition="Container.Content(episodes)">
					<control type="image">
						<left>0</left>
						<right>0</right>
						<bottom>0</bottom>
						<texture colordiffuse="button_focus">lists/focus.png</texture> <!--lists/focus.png-->
						<visible>Control.HasFocus(505)</visible>
						<!--ible>Control.HasFocus($PARAM[list_id])</visible-->
					</control>
					<!--control type="image">
						<left>35</left>
						<centertop>50%</centertop>
						<width>32</width>
						<height>32</height>
						<texture>$VAR[ListWatchedIconVar]</texture>
					</control-->
					<control type="image">
						<left>35</left>
						<centertop>50%</centertop>
						<width>32</width>
						<height>32</height>
						<texture colordiffuse="blue">$INFO[ListItem.Property(watched)]</texture>
					</control>
					<control type="label">
						<left>105</left>
						<top>0</top>
						<bottom>0</bottom>
						<right>40</right>
						<aligny>center</aligny>
						<scroll>true</scroll>
						<label>$VAR[ListLabelVar] $INFO[ListItem.Property(langue)]</label>
						<shadowcolor>text_shadow</shadowcolor>
					</control>
					<control type="label">
						<left>105</left>
						<top>0</top>
						<bottom>0</bottom>
						<right>40</right>
						<align>right</align>
						<aligny>center</aligny>
						<label>$VAR[ListLabel2Var]</label>
						<shadowcolor>text_shadow</shadowcolor>
					</control>
					<control type="label">
						<left>105</left>
						<top>0</top>
						<bottom>0</bottom>
						<right>40</right>
						<align>right</align>
						<aligny>center</aligny>
						<visible>!String.IsEmpty(ListItem.Property(not_yet))</visible>
						<label>$INFO[ListItem.Property(not_yet)]</label>
						<shadowcolor>text_shadow</shadowcolor>
					</control>
				</focusedlayout>
				<itemlayout height="list_item_height" condition="Container.Content(episodes)">
					<control type="image">
						<left>35</left>
						<centertop>50%</centertop>
						<width>32</width>
						<height>32</height>
						<texture colordiffuse="grey">$INFO[ListItem.Property(watched)]</texture>
					</control>
					<control type="label">
						<left>105</left>
						<top>0</top>
						<bottom>0</bottom>
						<right>40</right>
						<aligny>center</aligny>
						<label>$VAR[ListLabelVar] $INFO[ListItem.Property(langue)]</label>
						<shadowcolor>text_shadow</shadowcolor>
					</control>
					<control type="label">
						<left>105</left>
						<top>0</top>
						<bottom>0</bottom>
						<right>40</right>
						<align>right</align>
						<aligny>center</aligny>
						<label>$VAR[ListLabel2Var]</label>
						<shadowcolor>text_shadow</shadowcolor>
					</control>
					<control type="label">
						<left>105</left>
						<top>0</top>
						<bottom>0</bottom>
						<right>40</right>
						<align>right</align>
						<aligny>center</aligny>
						<visible>!String.IsEmpty(ListItem.Property(not_yet))</visible>
						<label>$INFO[ListItem.Property(not_yet)]</label>
						<shadowcolor>text_shadow</shadowcolor>
					</control>
				</itemlayout>
				<focusedlayout height="list_item_height" condition="Container.Content(playlists) | Container.Content()">
					<control type="image">
						<left>0</left>
						<right>0</right>
						<bottom>0</bottom>
						<texture colordiffuse="button_focus">lists/focus.png</texture>
						<visible>Control.HasFocus(55)</visible>
					</control>
					<control type="image">
						<left>20</left>
						<top>10</top>
						<width>60</width>
						<bottom>10</bottom>
						<aspectratio>keep</aspectratio>
						<texture>$INFO[ListItem.Icon]</texture>
					</control>
					<control type="label">
						<left>105</left>
						<top>0</top>
						<bottom>0</bottom>
						<right>100</right>
						<aligny>center</aligny>
						<scroll>true</scroll>
						<label>$INFO[ListItem.Label]</label>
						<shadowcolor>text_shadow</shadowcolor>
					</control>
				</focusedlayout>
				<itemlayout height="list_item_height" condition="Container.Content(playlists) | Container.Content()">
					<control type="image">
						<left>20</left>
						<top>10</top>
						<width>60</width>
						<bottom>10</bottom>
						<aspectratio>keep</aspectratio>
						<texture colordiffuse="grey">$INFO[ListItem.Icon]</texture>
					</control>
					<control type="label">
						<left>105</left>
						<top>0</top>
						<bottom>0</bottom>
						<right>100</right>
						<aligny>center</aligny>
						<label>$INFO[ListItem.Label]</label>
						<shadowcolor>text_shadow</shadowcolor>
					</control>
				</itemlayout>
				<include condition="Window.IsActive(music)">SongsListLayout</include>
				<include>AddonsListLayout</include>
			</control>
			<control type="group">
				<param name="infolabel_prefix"></param>
				<depth>DepthBars</depth>
				<bottom>0</bottom>
				<height>70</height>
				<animation effect="fade" start="0" end="100" time="300" delay="300">WindowOpen</animation>
				<animation effect="fade" start="100" end="0" time="200">WindowClose</animation>
				<control type="grouplist">
					<orientation>horizontal</orientation>
					<right>20</right>
					<top>0</top>
					<height>70</height>
					<align>right</align>
					<itemgap>10</itemgap>
					<width>1900</width>
					<usecontrolcoords>true</usecontrolcoords>
					<control type="group">
						<width>150</width>
						<visible>System.AddonIsEnabled(resource.images.studios.white) + !String.IsEmpty($PARAM[infolabel_prefix]ListItem.Studio)</visible>
						<include content="MediaFlag">
							<param name="texture" value="$INFO[$PARAM[infolabel_prefix]ListItem.Studio,resource://resource.images.studios.white/,.png]" />
						</include>
					</control>
					<control type="group">
						<top>10</top>
						<width>200</width>
						<visible>!String.IsEmpty($PARAM[infolabel_prefix]ListItem.Premiered)</visible>
						<include content="InfoFlag">
							<!--param name="icon" value="lists/year.png" /-->
							<param name="label" value="$INFO[$PARAM[infolabel_prefix]ListItem.Year]" />
						</include>
					</control>
					<control type="group">
						<width>115</width>
						<visible>!String.IsEmpty($PARAM[infolabel_prefix]ListItem.Property(dateadded))</visible>
						<control type="label">
							<width>115</width>
							<height>60</height>
							<align>center</align>
							<aligny>center</aligny>
							<label>$INFO[$PARAM[infolabel_prefix]ListItem.Property(dateadded)]</label>
							<font>font_flag</font>
						</control>
						<include content="MediaFlag">
							<param name="texture" value="flags/flag.png" />
						</include>
					</control>
					<!--control type="group">
						<width>120</width>
						<visible>!String.IsEmpty($PARAM[infolabel_prefix]ListItem.Property(not_yet))</visible>
						<control type="label">
							<width>115</width>
							<height>60</height>
							<align>center</align>
							<aligny>center</aligny>
							<label>$INFO[$PARAM[infolabel_prefix]ListItem.Property(not_yet)]</label>
							<font>font_flag</font>
						</control>
						<include content="MediaFlag">
							<param name="texture" value="flags/flag.png" />
						</include>
					</control-->
					<control type="group">
						<width>115</width>
						<visible>!String.IsEmpty($PARAM[infolabel_prefix]ListItem.Duration)</visible>
						<control type="label">
							<width>115</width>
							<height>60</height>
							<align>center</align>
							<aligny>center</aligny>
							<label>$INFO[$PARAM[infolabel_prefix]ListItem.Duration]</label>
							<font>font_flag</font>
						</control>
						<include content="MediaFlag">
							<param name="texture" value="flags/flag.png" />
						</include>
					</control>
					<control type="group">
						<width>115</width>
						<visible>!String.IsEmpty($PARAM[infolabel_prefix]ListItem.Property(QUALITY))</visible>
						<control type="label">
							<width>115</width>
							<height>60</height>
							<align>center</align>
							<aligny>center</aligny>
							<label>$INFO[$PARAM[infolabel_prefix]ListItem.Property(QUALITY)]</label>
							<font>font_flag</font>
						</control>
						<include content="MediaFlag">
							<param name="texture" value="flags/flag.png" />
						</include>
					</control>
					<control type="group">
						<width>115</width>
						<visible>!String.IsEmpty($PARAM[infolabel_prefix]ListItem.Property(sounds))</visible>
						<control type="label">
							<width>115</width>
							<height>60</height>
							<align>center</align>
							<aligny>center</aligny>
							<label>$INFO[$PARAM[infolabel_prefix]ListItem.Property(sounds)]</label>
							<font>font_flag</font>
						</control>
						<include content="MediaFlag">
							<param name="texture" value="flags/flag.png" />
						</include>
					</control>
				</control>
			</control>
		</control>
	</include>
	<include name="ListCWideInfoPanel">
		<param name="fallback_image"></param>
		<param name="flip_bg">false</param>
		<definition>
			<control type="group">
				<depth>DepthContentPanel</depth>
				<include content="ContentPanel">
					<param name="width" value="656" />
					<param name="flipx" value="$PARAM[flip_bg]" />
				</include>
				<control type="image">
					<left>30</left>
					<top>110</top>
					<width>540</width>
					<height>470</height>
					<aspectratio aligny="bottom">keep</aspectratio>
					<fadetime>300</fadetime>
					<texture fallback="$PARAM[fallback_image]" background="true">$VAR[IconWallThumbVar]</texture>
					<visible>!String.IsEqual(ListItem.DbType,episode) + !String.IsEqual(ListItem.DBType,song)</visible>
				</control>
				<control type="image">
					<left>30</left>
					<top>110</top>
					<width>540</width>
					<height>330</height>
					<aspectratio aligny="bottom">keep</aspectratio>
					<fadetime>300</fadetime>
					<texture background="true">$INFO[ListItem.Icon]</texture>
					<visible>String.IsEqual(ListItem.DbType,episode)</visible>
				</control>
				<control type="image">
					<left>30</left>
					<top>110</top>
					<width>540</width>
					<height>470</height>
					<aspectratio aligny="bottom">keep</aspectratio>
					<fadetime>300</fadetime>
					<texture fallback="DefaultAudio.png" background="true">$VAR[IconWallThumbVar]</texture>
					<visible>String.IsEqual(ListItem.DBType,song)</visible>
				</control>
				<control type="group">
					<left>273</left>
					<top>560</top>
					<include condition="Skin.HasSetting(circle_rating) | Skin.HasSetting(circle_userrating)">RatingCircle</include>
					<animation effect="slide" end="0,-140" time="0" condition="String.IsEqual(ListItem.DbType,episode)">conditional</animation>
				</control>
				<control type="group">
					<visible>!Container.Content() | !String.isempty(ListItem.Plot)</visible>
					<left>30</left>
					<control type="textbox" id="15500">
						<top>600</top>
						<width>540</width>
						<bottom>70</bottom>
						<autoscroll time="3000" delay="7000" repeat="5000">!System.HasModalDialog + Skin.HasSetting(AutoScroll)</autoscroll>
						<label>$VAR[ListBoxInfoVar]</label>
						<visible>!String.IsEqual(ListItem.DbType,episode) + !String.IsEqual(ListItem.DBType,song)</visible>
					</control>
					<control type="textbox" id="15501">
						<top>465</top>
						<width>540</width>
						<bottom>70</bottom>
						<autoscroll time="3000" delay="7000" repeat="5000">!System.HasModalDialog + Skin.HasSetting(AutoScroll)</autoscroll>
						<label>$INFO[ListItem.Plot]</label>
						<visible>String.IsEqual(ListItem.DbType,episode)</visible>
					</control>
					<control type="textbox" id="15502">
						<top>600</top>
						<width>540</width>
						<bottom>70</bottom>
						<autoscroll time="3000" delay="3000" repeat="5000">!System.HasModalDialog + Skin.HasSetting(AutoScroll)</autoscroll>
						<label>$VAR[ListBoxInfoVar]</label>
						<visible>String.IsEqual(ListItem.DBType,song)</visible>
					</control>
				</control>
				<control type="group">
					<left>20</left>
					<top>640</top>
					<visible>ListItem.IsCollection + String.IsEmpty(ListItem.Plot)</visible>
					<include content="InfoList">
						<param name="bottom" value="100" />
						<param name="width" value="540" />
						<param name="sortby" value="year" />
						<param name="sortorder" value="ascending" />
						<param name="font" value="font13" />
					</include>
				</control>
				<control type="group">
					<visible>!ListItem.IsCollection + String.IsEmpty(Control.GetLabel(15500)) + Control.IsVisible(15500)</visible>
					<control type="textbox">
						<left>30</left>
						<top>460</top>
						<width>540</width>
						<height>413</height>
						<align>center</align>
						<aligny>center</aligny>
						<font>font27</font>
						<textcolor>80FFFFFF</textcolor>
						<label></label> <!--$LOCALIZE[19055]</label-->
						<visible>!ListItem.IsParentFolder</visible>
						<visible>!Integer.IsGreater(Container(42000).NumItems,0) + !Integer.IsGreater(Container(43000).NumItems,0)</visible>
						<visible>!Container.Content() | !String.isempty(ListItem.Plot)</visible>
					</control>
					<!--control type="group">
						<left>20</left>
						<top>640</top>
						<visible>!String.IsEmpty(ListItem.DBID)</visible>
						<include content="InfoList">
							<param name="list_id" value="42000" />
							<param name="bottom" value="100" />
							<param name="width" value="540" />
							<param name="sortby" value="year" />
							<param name="sortorder" value="ascending" />
							<param name="item_label" value="$INFO[ListItem.Year,[COLOR button_focus],[/COLOR]  -  ]$INFO[ListItem.Label]" />
							<param name="visible" value="String.IsEqual(ListItem.DBType,artist)" />
						</include>
						<include content="InfoList">
							<param name="list_id" value="43000" />
							<param name="bottom" value="100" />
							<param name="width" value="540" />
							<param name="sortby" value="track" />
							<param name="sortorder" value="ascending" />
							<param name="item_label" value="$INFO[ListItem.Duration,[COLOR button_focus],[/COLOR]  -  ]$INFO[ListItem.Label]" />
							<param name="visible" value="String.IsEqual(ListItem.DBType,album)" />
						</include>
					</control-->
				</control>
			</control>
		</definition>
	</include>
</includes>
