<?xml version="1.0" encoding="UTF-8" standalone="yes"?>
<addon id="repository.sosacRepo" name="sosacRepo official Repo" version="2.0.0" provider-name="sosac.tv">
	<extension point="xbmc.addon.repository">
		<dir minversion="19.0.0">
			<info compressed="false">https://raw.githubusercontent.com/kabcasa/sosacRepo/master/addons.xml</info>
			<checksum>https://raw.githubusercontent.com/kabcasa/sosacRepo/master/addons.xml.md5</checksum>
			<datadir zip="true">https://github.com/kabcasa/sosacRepo/</datadir>
		</dir>
        <dir maxversion="18.9.0" minversion="18.0.0">
            <info compressed="false">https://raw.githubusercontent.com/kabcasa/sosacRepo/master/18/addons.xml</info>
            <checksum >https://raw.githubusercontent.com/kabcasa/sosacRepo/master/18/addons.xml.md5</checksum>
            <datadir zip="true">https://github.com/kabcasa/sosacRepo/18/</datadir>
        </dir>
        <dir maxversion="17.9.0" minversion="17.0.0">
            <info compressed="false">https://raw.githubusercontent.com/kabcasa/sosacRepo/master/17/addons.xml</info>
            <checksum >https://raw.githubusercontent.com/kabcasa/sosacRepo/master/17/addons.xml.md5</checksum>
            <datadir zip="true">https://github.com/kabcasa/sosacRepo/17/</datadir>
        </dir>
	</extension>
	<extension point="xbmc.addon.metadata">
		<summary>SosacRepo official Repo</summary>
   		<description lang="en">Sosac repo</description>
		<disclaimer></disclaimer>
		<platform>all</platform>
	</extension>
</addon>