<?xml version="1.0" encoding="UTF-8"?>
<includes>
	<include name="View_507_CList">
		<control type="group">
			<include>OpenClose_Right</include>
			<left>596</left>
			<visible>Control.IsVisible(507) + !Control.IsVisible(506)</visible>
			<include>Visible_Right</include>
			<include content="ListContainerCList">
				<param name="list_id" value="507" />
				<param name="right" value="594" />
				<param name="viewtype_label" value="CList" />
			</include>
			<control type="group">
				<depth>DepthContentPanel</depth>
				<control type="group">
					<right>-20</right>
					<width>634</width>
					<include content="ContentPanel">
						<param name="left" value="0" />
						<param name="top" value="-20" />
						<param name="width" value="656" />
						<param name="flipx" value="true" />
					</include>
					<include content="RightListPanelCList">
						<param name="list_id" value="507" />
					</include>
				</control>
			</control>
		</control>
	</include>
	<include name="RightListPanelCList">
		<control type="group">
			<depth>DepthContentPanel</depth>
			<control type="group">
				<right>-32</right>
				<include content="ContentPanel">
					<param name="left" value="0" />
					<param name="top" value="-20" />
					<param name="width" value="656" />
					<param name="flipx" value="true" />
				</include>
				<control type="group">
					<visible>!Container.Content(songs)</visible>
					<control type="image">
						<depth>DepthContentPopout</depth>
						<left>45</left>
						<top>60</top>
						<width>340</width>
						<height>550</height>
						<bottom>200</bottom>
						<fadetime>200</fadetime>
						<aspectratio aligny="top">keep</aspectratio>
						<texture fallback="DefaultVideo.png" background="true">$VAR[InfoWallThumbVar]</texture>
					</control>
					<control type="group">
						<left>345</left>
						<top>65</top>
						<align>center</align>
						<width>380</width>
						<height>650</height>
						<bottom>124</bottom>
						<aspectratio aligny="bottom">keep</aspectratio>
						<visible>!String.IsEqual(ListItem.Label,..) + ![String.IsEqual(ListItem.Label,Další) | String.IsEqual(ListItem.Label,Next)]</visible>
						<control type="group">
							<left>1</left>
							<top>2</top>
							<align>right</align>
							<control type="image">
								<left>1</left>
								<top>1</top>
								<width>305</width>
								<height>110</height>
								<aspectratio aligny="bottom">keep</aspectratio>
								<fadetime>300</fadetime>
								<!--texture>Skin.String("imdb.png")</texture-->
								<texture fallback="DefaultAudio.png" background="true">special://home/addons/plugin.video.sosac-2/resources/images/csfd.png</texture>
							</control>
							<control type="label">
								<left>67</left>
								<top>68</top>
								<align>left</align>
								<font>font2</font>
								<label>[B]$INFO[ListItem.Property(csfdrating)][/B]</label>
								<textcolor>ffffffff</textcolor>
								<!--shadowcolor>text_shadow</shadowcolor-->
							</control>
							<control type="label">
								<right>141</right>
								<top>68</top>
								<align>right</align>
								<font>font2</font>
								<textcolor>ffffffff</textcolor>
								<label>[B]$INFO[ListItem.Property(csfdvotes)][/B]</label>
								<!--shadowcolor>text_shadow</shadowcolor-->
							</control>
						</control>
						<control type="group">
							<left>1</left>
							<top>120</top>
							<control type="image">
								<left>1</left>
								<top>1</top>
								<width>305</width>
								<height>110</height>
								<aspectratio aligny="bottom">keep</aspectratio>
								<fadetime>300</fadetime>
								<!--texture>Skin.String("imdb.png")</texture-->
								<texture fallback="DefaultAudio.png" background="true">special://home/addons/plugin.video.sosac-2/resources/images/imdb.png</texture>
							</control>
							<control type="label">
								<left>67</left>
								<top>68</top>
								<align>left</align>
								<font>font2</font>
								<label>[B]$INFO[ListItem.Property(imdbrating)][/B]</label>
								<textcolor>ff000000</textcolor>
								<!--shadowcolor>text_shadow</shadowcolor-->
							</control>
							<control type="label">
								<right>141</right>
								<top>68</top>
								<align>right</align>
								<font>font2</font>
								<label>[B]$INFO[ListItem.Property(imdbvotes)][/B]</label>
								<textcolor>ff000000</textcolor>
							</control>
						</control>
						<control type="group">
							<left>1</left>
							<top>240</top>
							<align>right</align>
							<visible>!Container.Content(tvshows) + !Container.Content(seasons)</visible>
							<control type="image">
								<left>1</left>
								<top>1</top>
								<width>305</width>
								<height>110</height>
								<aspectratio aligny="bottom">keep</aspectratio>
								<fadetime>300</fadetime>
								<!--texture>Skin.String("imdb.png")</texture-->
								<texture fallback="DefaultAudio.png" background="true">special://home/addons/plugin.video.sosac-2/resources/images/budget.png</texture>
							</control>
							<control type="label">
								<right>150</right>
								<top>58</top>
								<align>right</align>
								<font>font2</font>
								<label>[B]$INFO[ListItem.Property(budget)][/B]</label>
								<textcolor>ff000000</textcolor>
								<!--shadowcolor>text_shadow</shadowcolor-->
							</control>
						</control>
						<control type="group">
							<left>1</left>
							<top>360</top>
							<align>right</align>
							<visible>!Container.Content(tvshows) + !Container.Content(seasons)</visible>
							<control type="image">
								<left>1</left>
								<top>1</top>
								<width>305</width>
								<height>110</height>
								<aspectratio aligny="bottom">keep</aspectratio>
								<fadetime>300</fadetime>
								<!--texture>Skin.String("imdb.png")</texture-->
								<texture fallback="DefaultAudio.png" background="true">special://home/addons/plugin.video.sosac-2/resources/images/revenue.png</texture>
							</control>
							<control type="label">
								<right>150</right>
								<top>58</top>
								<align>right</align>
								<font>font2</font>
								<label>[B]$INFO[ListItem.Property(revenue)][/B]</label>
								<textcolor>ff000000</textcolor>
								<!--shadowcolor>text_shadow</shadowcolor-->
							</control>
						</control>
						<control type="group">
							<left>20</left>
							<top>490</top>
							<align>right</align>
							<control type="image">
								<left>1</left>
								<top>1</top>
								<width>53</width>
								<height>60</height>
								<aspectratio aligny="bottom">keep</aspectratio>
								<fadetime>300</fadetime>
								<texture fallback="DefaultAudio.png" background="true">special://home/addons/plugin.video.sosac-2/resources/images/origins.png</texture>
							</control>
							<control type="image">
								<left>55</left>
								<top>1</top>
								<width>50</width>
								<height>25</height>
								<aspectratio aligny="bottom">keep</aspectratio>
								<fadetime>300</fadetime>
								<!--texture>Skin.String("imdb.png")</texture-->
								<texture fallback="DefaultAudio.png" background="true">$INFO[ListItem.Property(flag1)]</texture>
							</control>
							<control type="image">
								<left>100</left>
								<top>1</top>
								<width>50</width>
								<height>25</height>
								<aspectratio aligny="bottom">keep</aspectratio>
								<fadetime>300</fadetime>
								<visible>![String.IsEmpty(ListItem.Property(flag2))+String.IsEmpty(ListItem.Property(flag3))+String.IsEmpty(ListItem.Property(flag4))]</visible>
								<texture fallback="DefaultAudio.png" background="true">$INFO[ListItem.Property(flag2)]</texture>
							</control>
							<control type="image">
								<left>150</left>
								<top>1</top>
								<width>50</width>
								<height>25</height>
								<aspectratio aligny="bottom">keep</aspectratio>
								<fadetime>300</fadetime>
								<visible>![String.IsEmpty(ListItem.Property(flag3))+String.IsEmpty(ListItem.Property(flag4))]</visible>
								<texture fallback="DefaultAudio.png" background="true">$INFO[ListItem.Property(flag3)]</texture>
							</control>
							<control type="image">
								<left>200</left>
								<top>1</top>
								<width>50</width>
								<height>25</height>
								<aspectratio aligny="bottom">keep</aspectratio>
								<fadetime>300</fadetime>
								<visible>![String.IsEmpty(ListItem.Property(flag4))]</visible>
								<texture fallback="DefaultAudio.png" background="true">$INFO[ListItem.Property(flag4)]</texture>
							</control>
						</control>
					</control>
					<control type="group">
						<left>40</left>
						<top>630</top>
						<aligny>center</aligny>
						<width>620</width>
						<visible>!String.IsEqual(ListItem.Label,..) + ![String.IsEqual(ListItem.Label,Další) | String.IsEqual(ListItem.Label,Next)]</visible>
						<control type="group">
							<left>3</left>
							<top>2</top>
							<control type="image">
								<left>1</left>
								<top>3</top>
								<width>53</width>
								<height>53</height>
								<aspectratio aligny="bottom">keep</aspectratio>
								<fadetime>300</fadetime>
								<!--texture>Skin.String("imdb.png")</texture-->
								<texture fallback="DefaultAudio.png" background="true">special://home/addons/plugin.video.sosac-2/resources/images/genres.png</texture>
							</control>
							<control type="label">
								<left>75</left>
								<top>15</top>
								<align>left</align>
								<font>font3</font>
								<wrapmultiline>true</wrapmultiline>
								<label>$INFO[ListItem.Genre]</label>
								<!--textcolor>ff000000</textcolor-->
								<shadowcolor>text_shadow</shadowcolor>
							</control>
						</control>
						<control type="group">
							<left>3</left>
							<top>95</top>
							<control type="image">
								<left>1</left>
								<top>3</top>
								<width>53</width>
								<height>53</height>
								<aspectratio aligny="bottom">keep</aspectratio>
								<fadetime>300</fadetime>
								<!--texture>Skin.String("imdb.png")</texture-->
								<texture fallback="DefaultAudio.png" background="true">special://home/addons/plugin.video.sosac-2/resources/images/directors.png</texture>
							</control>
							<control type="label">
								<left>75</left>
								<top>10</top>
								<align>left</align>
								<font>font3</font>
								<wrapmultiline>true</wrapmultiline>
								<label>$INFO[ListItem.Director]</label>
								<!--textcolor>ff000000</textcolor-->
								<shadowcolor>text_shadow</shadowcolor>
							</control>
						</control>
						<control type="group">
							<left>3</left>
							<top>200</top>
							<control type="image">
								<left>1</left>
								<top>3</top>
								<width>53</width>
								<height>53</height>
								<aspectratio aligny="bottom">keep</aspectratio>
								<fadetime>300</fadetime>
								<!--texture>Skin.String("imdb.png")</texture-->
								<texture fallback="DefaultAudio.png" background="true">special://home/addons/plugin.video.sosac-2/resources/images/actors.png</texture>
							</control>
							<control type="label">
								<left>75</left>
								<top>20</top>
								<align>left</align>
								<font>font3</font>
								<wrapmultiline>true</wrapmultiline>
								<label>$INFO[ListItem.Cast]</label>
								<!--textcolor>ff000000</textcolor-->
								<shadowcolor>text_shadow</shadowcolor>
							</control>
						</control>
					</control>
					<control type="group">
						<left>291</left>
						<top>950</top>
						<include content="RatingCircle">
							<param name="animation" value="True" />
						</include>
					</control>
				</control>
				<control type="group">
					<visible>Control.IsVisible(503) + Window.IsActive(musicplaylist)</visible>
					<control type="image">
						<left>58</left>
						<top>110</top>
						<width>540</width>
						<height>470</height>
						<aspectratio aligny="bottom">keep</aspectratio>
						<fadetime>300</fadetime>
						<texture fallback="DefaultAudio.png" background="true">$INFO[Player.Icon]</texture>
					</control>
					<control type="group">
						<left>301</left>
						<top>560</top>
						<control type="group">
							<animation effect="fade" time="0" condition="$PARAM[animation]">VisibleChange</animation>
							<include content="UserRatingContent" condition="Skin.HasSetting(circle_userrating)">
								<param name="infolabel" value="MusicPlayer.UserRating" />
							</include>
							<include content="UserRatingContent" condition="Skin.HasSetting(circle_rating)">
								<param name="infolabel" value="MusicPlayer.Rating" />
							</include>
						</control>
					</control>
					<control type="textbox" id="15599">
						<visible>Player.HasAudio + Window.IsActive(musicplaylist)</visible>
						<left>58</left>
						<top>600</top>
						<width>540</width>
						<bottom>70</bottom>
						<autoscroll time="3000" delay="7000" repeat="5000">!System.HasModalDialog + Skin.HasSetting(AutoScroll)</autoscroll>
						<label>[COLOR button_focus][B]$LOCALIZE[31000]: [/COLOR]$INFO[musicplayer.Playlistposition,]$INFO[musicplayer.Playlistlength,/][/B][CR]$VAR[NowPlayingInfoVar]</label>
					</control>
					<control type="textbox" id="15599">
						<visible>!Player.HasAudio + Window.IsActive(musicplaylist)</visible>
						<left>58</left>
						<top>640</top>
						<width>540</width>
						<bottom>70</bottom>
						<autoscroll time="3000" delay="7000" repeat="5000">!System.HasModalDialog + Skin.HasSetting(AutoScroll)</autoscroll>
						<label>[COLOR button_focus][B]$LOCALIZE[31000]: [/COLOR]$LOCALIZE[36623][/B]</label>
					</control>
				</control>
			</control>
			<control type="group">
				<param name="infolabel_prefix"></param>
				<depth>DepthBars</depth>
				<bottom>0</bottom>
				<height>70</height>
				<animation effect="fade" start="0" end="100" time="300" delay="300">WindowOpen</animation>
				<animation effect="fade" start="100" end="0" time="200">WindowClose</animation>
				<control type="grouplist">
					<orientation>horizontal</orientation>
					<right>20</right>
					<top>0</top>
					<height>70</height>
					<align>right</align>
					<itemgap>10</itemgap>
					<width>1900</width>
					<usecontrolcoords>true</usecontrolcoords>
					<control type="group">
						<width>150</width>
						<visible>System.AddonIsEnabled(resource.images.studios.white) + !String.IsEmpty($PARAM[infolabel_prefix]ListItem.Studio)</visible>
						<include content="MediaFlag">
							<param name="texture" value="$INFO[$PARAM[infolabel_prefix]ListItem.Studio,resource://resource.images.studios.white/,.png]" />
						</include>
					</control>
					<control type="group">
						<top>10</top>
						<width>200</width>
						<visible>!String.IsEmpty($PARAM[infolabel_prefix]ListItem.Premiered)</visible>
						<include content="InfoFlag">
							<!--param name="icon" value="lists/year.png" /-->
							<param name="label" value="$INFO[$PARAM[infolabel_prefix]ListItem.Year]" />
						</include>
					</control>
					<control type="group">
						<width>115</width>
						<visible>!String.IsEqual($PARAM[infolabel_prefix]ListItem.Property(startime),None) + !String.IsEmpty($PARAM[infolabel_prefix]ListItem.Property(startime))</visible> <!--!String.IsEmpty($PARAM[infolabel_prefix]ListItem.Property(startime))</visible-->
						<control type="label">
							<width>125</width>
							<height>60</height>
							<align>center</align>
							<aligny>center</aligny>
							<label>$INFO[$PARAM[infolabel_prefix]ListItem.Property(station)]</label>
							<font>font_flag</font>
						</control>
						<include content="MediaFlag">
							<param name="texture" value="flags/flag.png" />
						</include>
					</control>
					<control type="group">
						<width>115</width>
						<visible>!String.IsEmpty($PARAM[infolabel_prefix]ListItem.Property(dateadded)) + !Container.Content(movies)</visible>
						<control type="label">
							<width>115</width>
							<height>60</height>
							<align>center</align>
							<aligny>center</aligny>
							<label>$INFO[$PARAM[infolabel_prefix]ListItem.Property(dateadded)]</label>
							<font>font_flag</font>
						</control>
						<include content="MediaFlag">
							<param name="texture" value="flags/flag.png" />
						</include>
					</control>
					<control type="group">
						<width>125</width>
						<visible>!String.IsEmpty($PARAM[infolabel_prefix]ListItem.Property(episode)) + !Container.Content(seasons)</visible>
						<control type="label">
							<width>125</width>
							<height>60</height>
							<align>center</align>
							<aligny>center</aligny>
							<label>$INFO[$PARAM[infolabel_prefix]ListItem.Property(episode)]</label>
							<font>font_flag</font>
						</control>
						<include content="MediaFlag">
							<param name="texture" value="flags/flag.png" />
						</include>
					</control>
					<control type="group">
						<width>115</width>
						<visible>!String.IsEmpty($PARAM[infolabel_prefix]ListItem.Property(season)) + !Container.Content(seasons)</visible>
						<control type="label">
							<width>117</width>
							<height>60</height>
							<align>center</align>
							<aligny>center</aligny>
							<label>$INFO[$PARAM[infolabel_prefix]ListItem.Property(season)]</label>
							<font>font_flag</font>
						</control>
						<include content="MediaFlag">
							<param name="texture" value="flags/flag.png" />
						</include>
					</control>
					<control type="group">
						<width>115</width>
						<visible>!String.IsEmpty($PARAM[infolabel_prefix]ListItem.Duration)</visible>
						<control type="label">
							<width>115</width>
							<height>60</height>
							<align>center</align>
							<aligny>center</aligny>
							<label>$INFO[$PARAM[infolabel_prefix]ListItem.Duration]</label>
							<font>font_flag</font>
						</control>
						<include content="MediaFlag">
							<param name="texture" value="flags/flag.png" />
						</include>
					</control>
					<control type="group">
						<width>115</width>
						<visible>!String.IsEmpty($PARAM[infolabel_prefix]ListItem.Property(QUALITY))</visible>
						<control type="label">
							<width>115</width>
							<height>60</height>
							<align>center</align>
							<aligny>center</aligny>
							<label>$INFO[$PARAM[infolabel_prefix]ListItem.Property(QUALITY)]</label>
							<font>font_flag</font>
						</control>
						<include content="MediaFlag">
							<param name="texture" value="flags/flag.png" />
						</include>
					</control>
					<control type="group">
						<width>115</width>
						<visible>!String.IsEmpty($PARAM[infolabel_prefix]ListItem.Property(sounds))</visible>
						<control type="label">
							<width>115</width>
							<height>60</height>
							<align>center</align>
							<aligny>center</aligny>
							<label>$INFO[$PARAM[infolabel_prefix]ListItem.Property(sounds)]</label>
							<font>font_flag</font>
						</control>
						<include content="MediaFlag">
							<param name="texture" value="flags/flag.png" />
						</include>
					</control>
				</control>
			</control>
		</control>
		<control type="scrollbar" id="$PARAM[list_id]600">
			<left>20</left>
			<top>list_y_offset</top>
			<width>12</width>
			<bottom>list_y_offset</bottom>
			<onleft>$PARAM[list_id]</onleft>
			<onright>$PARAM[list_id]</onright>
			<orientation>vertical</orientation>
			<animation effect="zoom" end="50,100" time="300" tween="sine" center="20,0" easing="inout" condition="!Control.HasFocus($PARAM[list_id]600)">conditional</animation>
		</control>
	</include>
	<include name="ListContainerCList">
		<param name="left">0</param>
		<param name="right">0</param>
		<definition>
			<control type="fixedlist" id="$PARAM[list_id]">
				<left>$PARAM[left]</left>
				<right>$PARAM[right]</right>
				<top>list_y_offset</top>
				<bottom>list_y_offset</bottom>
				<movement>5</movement>
				<focusposition>6</focusposition>
				<scrolltime tween="cubic" easing="out">500</scrolltime>
				<orientation>vertical</orientation>
				<pagecontrol>$PARAM[list_id]600</pagecontrol>
				<onleft>9000</onleft>
				<onright>$PARAM[list_id]600</onright>
				<onup>$PARAM[list_id]</onup>
				<ondown>$PARAM[list_id]</ondown>
				<viewtype label="CList">list</viewtype>
				<visible>Container.Content(movies) | Container.Content(sets) | Container.Content(tvshows) | Container.Content(seasons) | Container.Content(games) | Window.IsActive(videoplaylist) | Window.IsActive(musicplaylist)</visible>
				<focusedlayout height="list_item_height">
					<colordiffuse>0000FFFF</colordiffuse>
					<control type="image">
						<left>0</left>
						<right>0</right>
						<top>0</top>
						<bottom>0</bottom>
						<texture colordiffuse="button_focus">lists/focus.png</texture>
						<visible>Control.HasFocus($PARAM[list_id])</visible>
					</control>
					<control type="label">
						<!-- label gauche-->
						<left>70</left>
						<right>70</right>
						<top>0</top>
						<bottom>0</bottom>
						<aligny>center</aligny>
						<font>font27</font>
						<scroll>true</scroll>
						<texturefocus border="40" colordiffuse="button_focus">buttons/button-fo.png</texturefocus>
						<visible>String.IsEmpty(ListItem.Property(station))</visible> <!--+ |  | Container.Content(movies) String.IsEqual(ListItem.Property(startime),None)</visible-->
						<label>$VAR[ListLabelVar] $INFO[ListItem.Property(langue)] $INFO[ListItem.Property(date-year)]</label>
						<shadowcolor>text_shadow</shadowcolor>
					</control>
					<control type="label">
						<!-- label focus gauche---->
						<left>70</left>
						<right>70</right>
						<top>0</top>
						<bottom>0</bottom>
						<aligny>center</aligny>
						<scroll>true</scroll>
						<font>font27</font>
						<visible>!Container.Content(seasons) + ![String.IsEmpty(ListItem.Property(startime))  | String.IsEqual(ListItem.Property(startime),None)]</visible>
						<label>$INFO[ListItem.Property(startime)] $VAR[ListLabelVar] $INFO[ListItem.Property(date-year)]-$INFO[ListItem.Property(langue)] ($INFO[ListItem.Property(station)])</label>
						<shadowcolor>text_shadow</shadowcolor>
					</control>
					<control type="label">
						<!-- label focus gauche---->
						<left>70</left>
						<right>70</right>
						<top>0</top>
						<bottom>0</bottom>
						<aligny>center</aligny>
						<scroll>true</scroll>
						<font>font27</font>
						<visible>Container.Content(seasons) + ![String.IsEmpty(ListItem.Property(saititle))] + ![String.IsEmpty(ListItem.Property(startime))  | String.IsEqual(ListItem.Property(startime),None)]</visible>
						<label>$INFO[ListItem.Property(saititle)]-$VAR[ListLabelVar] $INFO[ListItem.Property(langue)] $INFO[ListItem.Property(date-year)]</label>
						<shadowcolor>text_shadow</shadowcolor>
					</control>
					<control type="label">
						<!-- label focus gauche---->
						<left>70</left>
						<right>70</right>
						<top>0</top>
						<bottom>0</bottom>
						<aligny>center</aligny>
						<scroll>true</scroll>
						<font>font27</font>
						<visible>!Container.Content(seasons) + String.IsEqual(ListItem.Property(startime),None)</visible>
						<label>$VAR[ListLabelVar] $INFO[ListItem.Property(langue)] $INFO[ListItem.Property(date-year)]</label>
						<shadowcolor>text_shadow</shadowcolor>
					</control>
					<control type="label">
						<!-- label focus gauche---->
						<left>70</left>
						<right>70</right>
						<top>0</top>
						<bottom>0</bottom>
						<aligny>center</aligny>
						<scroll>true</scroll>
						<font>font27</font>
						<visible>Container.Content(seasons) + String.IsEqual(ListItem.Property(startime),None)</visible>
						<label>$INFO[ListItem.Property(saititle)] $INFO[ListItem.Property(langue)] $INFO[ListItem.Property(date-year)]</label>
						<shadowcolor>text_shadow</shadowcolor>
					</control>
					<control type="label">
						<!-- label focus droit-->
						<top>0</top>
						<bottom>0</bottom>
						<left>100</left>
						<right>20</right>
						<align>right</align>
						<aligny>center</aligny>
						<font>font12</font>
						<label>$INFO[ListItem.Duration]</label>
						<animation effect="fade" start="70" end="100" time="300" reversible="false">Focus</animation>
						<shadowcolor>text_shadow</shadowcolor>
					</control>
					<control type="image">
						<left>21</left>
						<centertop>50%</centertop>
						<width>32</width>
						<height>32</height>
						<texture  colordiffuse="blue">$INFO[ListItem.Property(watched)]</texture>
						<animation effect="fade" start="30" end="100" time="300" reversible="false">Focus</animation>
					</control>
					<control type="image">
						<left>21</left>
						<centertop>50%</centertop>
						<width>32</width>
						<height>32</height>
						<texture>$VAR[ListWatchedIconVar]</texture>
						<animation effect="fade" start="30" end="100" time="300" reversible="false">Focus</animation>
						<visible>String.IsEmpty(ListItem.Property(watched))</visible>
					</control>
					<control type="image">
						<left>21</left>
						<centertop>50%</centertop>
						<width>32</width>
						<height>32</height>
						<texture colordiffuse="button_focus">$VAR[ListWatchedIconVar]</texture>
						<animation effect="fade" start="0" end="100" time="300" reversible="false">Focus</animation>
						<animation effect="fade" time="150">VisibleChange</animation>
						<visible>!Control.HasFocus($PARAM[list_id])</visible>
					</control>
				</focusedlayout>
				<itemlayout height="list_item_height">
					<control type="label">
						<!-- label gauche-->
						<left>70</left>
						<right>70</right>
						<top>0</top>
						<bottom>0</bottom>
						<aligny>center</aligny>
						<font>font27</font>
						<visible>String.IsEmpty(ListItem.Property(station))</visible> <!--+ |  | Container.Content(movies) String.IsEqual(ListItem.Property(startime),None)</visible-->
						<label>$VAR[ListLabelVar] $INFO[ListItem.Property(langue)] $INFO[ListItem.Property(date-year)]</label>
						<shadowcolor>text_shadow</shadowcolor>
					</control>
					<control type="label">
						<!-- label focus gauche---->
						<left>70</left>
						<right>70</right>
						<top>0</top>
						<bottom>0</bottom>
						<aligny>center</aligny>
						<!--scroll>true</scroll-->
						<font>font27</font>
						<visible>!Container.Content(seasons) + ![String.IsEmpty(ListItem.Property(startime))  | String.IsEqual(ListItem.Property(startime),None)]</visible>
						<label>$INFO[ListItem.Property(startime)] $VAR[ListLabelVar] $INFO[ListItem.Property(date-year)]-$INFO[ListItem.Property(langue)] ($INFO[ListItem.Property(station)])</label>
						<shadowcolor>text_shadow</shadowcolor>
					</control>
					<control type="label">
						<!-- label focus gauche---->
						<left>70</left>
						<right>70</right>
						<top>0</top>
						<bottom>0</bottom>
						<aligny>center</aligny>
						<!--scroll>true</scroll-->
						<font>font27</font>
						<visible>Container.Content(seasons) + ![String.IsEmpty(ListItem.Property(saititle))] + ![String.IsEmpty(ListItem.Property(startime))  | String.IsEqual(ListItem.Property(startime),None)]</visible>
						<label>$INFO[ListItem.Property(saititle)]-$VAR[ListLabelVar] $INFO[ListItem.Property(langue)] $INFO[ListItem.Property(date-year)]</label>
						<shadowcolor>text_shadow</shadowcolor>
					</control>
					<control type="label">
						<!-- label gauche-->
						<left>70</left>
						<right>70</right>
						<top>0</top>
						<bottom>0</bottom>
						<aligny>center</aligny>
						<font>font27</font>
						<visible>!Container.Content(seasons) + String.IsEqual(ListItem.Property(startime),None)</visible>
						<label>$VAR[ListLabelVar] $INFO[ListItem.Property(langue)] $INFO[ListItem.Property(date-year)]</label>
						<shadowcolor>text_shadow</shadowcolor>
					</control>
					<control type="label">
						<!-- label gauche-->
						<left>70</left>
						<right>70</right>
						<top>0</top>
						<bottom>0</bottom>
						<aligny>center</aligny>
						<font>font27</font>
						<visible>Container.Content(seasons) + String.IsEqual(ListItem.Property(startime),None)</visible>
						<label>$INFO[ListItem.Property(saititle)] $INFO[ListItem.Property(langue)] $INFO[ListItem.Property(date-year)]</label>
						<shadowcolor>text_shadow</shadowcolor>
					</control>
					<control type="label">
						<!-- label droit-->
						<left>20</left>
						<right>20</right>
						<top>0</top>
						<bottom>0</bottom>
						<align>right</align>
						<aligny>center</aligny>
						<font>font12</font>
						<label>$INFO[ListItem.Duration]</label>
						<textcolor>grey</textcolor>
						<shadowcolor>text_shadow</shadowcolor>
					</control>
					<control type="image">
						<left>21</left>
						<centertop>50%</centertop>
						<width>32</width>
						<height>32</height>
						<texture colordiffuse="grey">$INFO[ListItem.Property(watched)]</texture>
					</control>
					<control type="image">
						<left>21</left>
						<centertop>50%</centertop>
						<width>32</width>
						<height>32</height>
						<texture>$VAR[ListWatchedIconVar]</texture>
						<animation effect="fade" start="30" end="100" time="300" reversible="false">Focus</animation>
						<visible>String.IsEmpty(ListItem.Property(watched))</visible>
					</control>
				</itemlayout>
			</control>
		</definition>
	</include>
	<include name="ListCListInfoPanel">
		<param name="fallback_image"></param>
		<param name="flip_bg">false</param>
		<definition>
			<control type="group">
				<depth>DepthContentPanel</depth>
				<include content="ContentPanel">
					<param name="width" value="656" />
					<param name="flipx" value="$PARAM[flip_bg]" />
				</include>
				<control type="group">
					<width>550</width>
					<control type="label">
						<top>120</top>
						<left>30</left>
						<width>550</width>
						<aligny>center</aligny>
						<height>110</height>
						<font>font36_title</font>
						<visible>!String.IsEqual(ListItem.Property(startime),None) + !String.IsEmpty(ListItem.Property(startime))  + ![String.IsEqual(ListItem.Label,Další) | String.IsEqual(ListItem.Label,Next)]</visible><!--String.IsEmpty(ListItem.Property(station))-->
						<label>$INFO[ListItem.Label] $INFO[ListItem.Property(date-year)] ($INFO[ListItem.Property(station)]) [CR] $INFO[ListItem.Property(langue)] [CR]</label>
						<wrapmultiline>true</wrapmultiline>
					</control>
					<control type="label">
						<top>120</top>
						<left>30</left>
						<width>550</width>
						<aligny>center</aligny>
						<height>110</height>
						<font>font36_title</font>
						<visible>Container.Content(seasons) | String.IsEmpty(ListItem.Property(station))  + ![String.IsEqual(ListItem.Label,Další) | String.IsEqual(ListItem.Label,Next)]</visible>
						<label>$INFO[ListItem.Label] $INFO[ListItem.Property(date-year)] [CR] $INFO[ListItem.Property(langue)] [CR]</label>
						<wrapmultiline>true</wrapmultiline>
					</control>
					<control type="group" >
						<description>Title lang</description>
						<left>30</left>
						<top>250</top>
						<width>550</width>
						<height>50</height>
						<visible>true</visible>
						<control type="image">
							<left>5</left>
							<top>3</top>
							<width>22</width>
							<height>22</height>
							<texture>$INFO[ListItem.Property(image1)]</texture>
						</control>
						<control type="label">
							<left>50</left>
							<top>3</top>
							<height>22</height>
							<font>font10</font>
							<aligny>center</aligny>
							<selectedcolor>green</selectedcolor>
							<align>left</align>
							<label>$INFO[ListItem.Property(titre1)]</label>
						</control>
					</control>
					<control type="group" >
						<description>Title lang</description>
						<left>30</left>
						<top>300</top>
						<width>550</width>
						<height>50</height>
						<visible>!String.IsEmpty(ListItem.Property(titre2))</visible>
						<control type="image">
							<left>5</left>
							<top>3</top>
							<width>22</width>
							<height>22</height>
							<texture>$INFO[ListItem.Property(image2)]</texture>
						</control>
						<control type="label">
							<left>50</left>
							<top>3</top>
							<height>22</height>
							<font>font10</font>
							<aligny>center</aligny>
							<selectedcolor>green</selectedcolor>
							<align>left</align>
							<label>$INFO[ListItem.Property(titre2)]</label>
						</control>
					</control>
					<control type="group" >
						<description>Title lang</description>
						<left>30</left>
						<top>350</top>
						<width>550</width>
						<height>50</height>
						<visible>!String.IsEmpty(ListItem.Property(titre3))</visible>
						<control type="image">
							<left>5</left>
							<top>3</top>
							<width>22</width>
							<height>22</height>
							<texture>$INFO[ListItem.Property(image3)]</texture>
						</control>
						<control type="label">
							<left>50</left>
							<top>3</top>
							<height>22</height>
							<font>font10</font>
							<aligny>center</aligny>
							<selectedcolor>green</selectedcolor>
							<align>left</align>
							<label>$INFO[ListItem.Property(titre3)]</label>
						</control>
					</control>
					<control type="textbox">
						<left>30</left>
						<top>400</top>
						<width>525</width>
						<bottom>70</bottom>
						<visible>![ListItem.IsCollection + String.IsEmpty(ListItem.Plot)]</visible>
						<!--label>$INFO[ListItem.Tagline,[I],[/I][CR][CR]]$INFO[ListItem.Plot][CR][CR]</label-->
						<label>$INFO[ListItem.Plot][CR][CR]</label>
						<autoscroll delay="10000" time="3000" repeat="10000">Skin.HasSetting(autoscroll)</autoscroll>
					</control>
					<control type="textbox">
						<left>30</left>
						<top>360</top>
						<width>530</width>
						<height>413</height>
						<align>center</align>
						<aligny>center</aligny>
						<font>font27</font>
						<textcolor>80FFFFFF</textcolor>
						<label>$LOCALIZE[19055]</label>
						<visible>String.IsEmpty(Listitem.Plot) + String.IsEmpty(Listitem.Tagline) + !ListItem.IsCollection + !ListItem.IsParentFolder</visible>
					</control>
				</control>
				<control type="group">
					<left>20</left>
					<top>640</top>
					<visible>ListItem.IsCollection + String.IsEmpty(ListItem.Plot)</visible>
					<include content="InfoList">
						<param name="bottom" value="100" />
						<param name="width" value="540" />
						<param name="sortby" value="year" />
						<param name="sortorder" value="ascending" />
						<param name="font" value="font13" />
					</include>
				</control>
				<control type="group">
					<visible>!ListItem.IsCollection + String.IsEmpty(Control.GetLabel(15500)) + Control.IsVisible(15500)</visible>
					<control type="textbox">
						<left>30</left>
						<top>460</top>
						<width>540</width>
						<height>413</height>
						<align>center</align>
						<aligny>center</aligny>
						<font>font27</font>
						<textcolor>80FFFFFF</textcolor>
						<label></label> <!--$LOCALIZE[19055]</label-->
						<visible>!ListItem.IsParentFolder</visible>
						<visible>!Integer.IsGreater(Container(42000).NumItems,0) + !Integer.IsGreater(Container(43000).NumItems,0)</visible>
						<visible>!Container.Content() | !String.isempty(ListItem.Plot)</visible>
					</control>
					<!--control type="group">
						<left>20</left>
						<top>640</top>
						<visible>!String.IsEmpty(ListItem.DBID)</visible>
						<include content="InfoList">
							<param name="list_id" value="42000" />
							<param name="bottom" value="100" />
							<param name="width" value="540" />
							<param name="sortby" value="year" />
							<param name="sortorder" value="ascending" />
							<param name="item_label" value="$INFO[ListItem.Year,[COLOR button_focus],[/COLOR]  -  ]$INFO[ListItem.Label]" />
							<param name="visible" value="String.IsEqual(ListItem.DBType,artist)" />
						</include>
						<include content="InfoList">
							<param name="list_id" value="43000" />
							<param name="bottom" value="100" />
							<param name="width" value="540" />
							<param name="sortby" value="track" />
							<param name="sortorder" value="ascending" />
							<param name="item_label" value="$INFO[ListItem.Duration,[COLOR button_focus],[/COLOR]  -  ]$INFO[ListItem.Label]" />
							<param name="visible" value="String.IsEqual(ListItem.DBType,album)" />
						</include>
					</control-->
				</control>
			</control>
		</definition>
	</include>
</includes>
