<?xml version="1.0" encoding="UTF-8"?>
<includes>
	<include name="View_508_CMenu">
		<control type="group">
			<include>OpenClose_Right</include>
			<visible>Control.IsVisible(508)</visible>
			<include>Visible_Right</include>
			<control type="fixedlist" id="508">
				<left>594</left>
				<top>list_y_offset</top>
				<bottom>list_y_offset</bottom>
				<right>0</right>
				<scrolltime tween="cubic" easing="out">500</scrolltime>
				<orientation>vertical</orientation>
				<pagecontrol>531</pagecontrol>
				<movement>5</movement>
				<focusposition>6</focusposition>
				<onleft>9000</onleft>
				<onright>531</onright>
				<onup>508</onup>
				<ondown>508</ondown>
				<viewtype label="CMenu">list</viewtype>
				<focusedlayout height="list_item_height" condition="Container.Content()">
					<control type="image">
						<left>0</left>
						<right>0</right>
						<width>1200</width>
						<bottom>0</bottom>
						<texture colordiffuse="button_focus">lists/focus.png</texture>
						<visible>Control.HasFocus(508)</visible>
					</control>
					<!--control type="image">
						<left>35</left>
						<centertop>50%</centertop>
						<width>32</width>
						<height>32</height>
						<texture>$VAR[ListWatchedIconVar]</texture>
					</control-->
					<control type="image">
						<left>35</left>
						<centertop>50%</centertop>
						<width>32</width>
						<height>32</height>
						<texture>$INFO[ListItem.Property(watched)]</texture>
					</control>
					<control type="label">
						<left>105</left>
						<top>0</top>
						<bottom>0</bottom>
						<right>40</right>
						<aligny>center</aligny>
						<!--scroll>true</scroll-->
						<label>$INFO[ListItem.Label] $INFO[ListItem.Property(langue)]</label>
						<shadowcolor>text_shadow</shadowcolor>
					</control>
					<control type="label">
						<left>105</left>
						<top>0</top>
						<bottom>0</bottom>
						<right>40</right>
						<align>right</align>
						<aligny>center</aligny>
						<label>$VAR[ListLabel2Var]</label>
						<shadowcolor>text_shadow</shadowcolor>
					</control>
					<control type="label">
						<left>105</left>
						<top>0</top>
						<bottom>0</bottom>
						<right>40</right>
						<align>right</align>
						<aligny>center</aligny>
						<visible>!String.IsEmpty(ListItem.Property(not_yet))</visible>
						<label>$INFO[ListItem.Property(not_yet)]</label>
						<shadowcolor>text_shadow</shadowcolor>
					</control>
				</focusedlayout>
				<itemlayout height="list_item_height" condition="Container.Content(episodes)">
					<control type="image">
						<left>35</left>
						<centertop>50%</centertop>
						<width>32</width>
						<height>32</height>
						<texture colordiffuse="grey">$INFO[ListItem.Property(watched)]</texture>
					</control>
					<control type="label">
						<left>105</left>
						<top>0</top>
						<bottom>0</bottom>
						<right>40</right>
						<aligny>center</aligny>
						<label>$INFO[ListItem.Label] $INFO[ListItem.Property(langue)]</label>
						<shadowcolor>text_shadow</shadowcolor>
					</control>
					<control type="label">
						<left>105</left>
						<top>0</top>
						<bottom>0</bottom>
						<right>40</right>
						<align>right</align>
						<aligny>center</aligny>
						<label>$VAR[ListLabel2Var]</label>
						<shadowcolor>text_shadow</shadowcolor>
					</control>
					<control type="label">
						<left>105</left>
						<top>0</top>
						<bottom>0</bottom>
						<right>40</right>
						<align>right</align>
						<aligny>center</aligny>
						<visible>!String.IsEmpty(ListItem.Property(not_yet))</visible>
						<label>$INFO[ListItem.Property(not_yet)]</label>
						<shadowcolor>text_shadow</shadowcolor>
					</control>
				</itemlayout>
				<focusedlayout height="list_item_height" condition="Container.Content(playlists) | Container.Content()">
					<control type="image">
						<left>0</left>
						<right>0</right>
						<bottom>0</bottom>
						<texture colordiffuse="button_focus">lists/focus.png</texture>
						<visible>Control.HasFocus(508)</visible>
					</control>
					<control type="image">
						<left>20</left>
						<top>10</top>
						<width>60</width>
						<bottom>10</bottom>
						<aspectratio>keep</aspectratio>
						<texture>$INFO[ListItem.Icon]</texture>
					</control>
					<control type="label">
						<left>105</left>
						<top>0</top>
						<bottom>0</bottom>
						<right>100</right>
						<aligny>center</aligny>
						<!--scroll>true</scroll-->
						<label>$INFO[ListItem.Label]</label>
						<shadowcolor>text_shadow</shadowcolor>
					</control>
				</focusedlayout>
				<itemlayout height="list_item_height" condition="Container.Content(playlists) | Container.Content()">
					<control type="image">
						<left>20</left>
						<top>10</top>
						<width>60</width>
						<bottom>10</bottom>
						<aspectratio>keep</aspectratio>
						<texture colordiffuse="grey">$INFO[ListItem.Icon]</texture>
					</control>
					<control type="label">
						<left>105</left>
						<top>0</top>
						<bottom>0</bottom>
						<right>100</right>
						<aligny>center</aligny>
						<label>$INFO[ListItem.Label]</label>
						<shadowcolor>text_shadow</shadowcolor>
					</control>
				</itemlayout>
				<include condition="Window.IsActive(music)">SongsListLayout</include>
				<include>AddonsListLayout</include>
			</control>
		</control>
	</include>
	<include name="ListCMenuInfoPanel">
		<param name="fallback_image"></param>
		<param name="flip_bg">false</param>
		<definition>
			<control type="group">
				<depth>DepthContentPanel</depth>
				<include content="ContentPanel">
					<param name="width" value="656" />
					<param name="flipx" value="$PARAM[flip_bg]" />
				</include>
				<!--control type="image">
					<left>30</left>
					<top>110</top>
					<width>540</width>
					<height>470</height>
					<aspectratio aligny="bottom">keep</aspectratio>
					<fadetime>300</fadetime>
					<texture fallback="$PARAM[fallback_image]" background="true">$VAR[IconWallThumbVar]</texture>
					<visible>!String.IsEqual(ListItem.DbType,episode) + !String.IsEqual(ListItem.DBType,song)</visible>
				</control-->
				<control type="image">
					<left>30</left>
					<top>110</top>
					<width>540</width>
					<height>330</height>
					<aspectratio aligny="bottom">keep</aspectratio>
					<fadetime>300</fadetime>
					<texture background="true">$INFO[ListItem.Icon]</texture>
					<visible></visible>
				</control>
				<control type="group">
					<width>550</width>
					<control type="image">
						<left>30</left>
						<top>500</top>
						<width>450</width>
						<height>450</height>
						<bottom>10</bottom>
						<visible>!String.IsEmpty(ListItem.Property(infomenu)) | !String.IsEqual(ListItem.Label,..) + !String.IsEmpty(ListItem.Property(infomenu)) </visible>
						<textcolor>80FFFF00</textcolor>
						<!--info></info-->
						<texture>special://home/addons/plugin.video.sosac-2/resources/images/helpbubble.png</texture>
					</control>
					<control type="textbox">
						<left>40</left>
						<top>500</top>
						<width>430</width>
						<height>350</height>
						<align>center</align>
						<aligny>center</aligny>
						<font>font27</font>
						<textcolor>80FF0000</textcolor>
						<bottom>10</bottom>
						<label>[B]$INFO[ListItem.Property(infomenu)][/B]</label>
						<wrapmultiline>true</wrapmultiline>
						<visible>!String.IsEqual(ListItem.Label,..)</visible>
					</control>
				</control>
			</control>
		</definition>
	</include>
</includes>
